entity,listed_parent,ticker,exchange,currency,note
Agnico Eagle Mexico SA de CV,Agnico Eagle Mines Ltd,AEM,NYSE,USD,Wholly owned subsidiary
Agnico-Eagle Mines Limited,Agnico Eagle Mines Ltd,AEM,NYSE,USD,
Anglo Corporate Services South Africa,Anglo American plc,AAL.L,LSE,GBp,Wholly owned subsidiary
ArcelorMittal Mining UK Ltd,ArcelorMittal SA,MT,NYSE,USD,Wholly owned subsidiary
"ASARCO, LLC",Grupo Mexico SAB de CV,GMEXICOB.MX,BMV,MXN,Owned via Americas Mining Corp
"Barrick Gold of North America, Inc.",Barrick Mining Corp,B,NYSE,USD,NYSE ticker was GOLD until May 2025
BHP Billiton Iron Ore Pty Ltd,BHP Group Ltd,BHP.AX,ASX,AUD,Wholly owned subsidiary
BHP Canada Inc.,BHP Group Ltd,BHP.AX,ASX,AUD,Wholly owned subsidiary
Codelco Chile,,,,,State-owned (Chile) - no listed shares
Evolution Mining,Evolution Mining Ltd,EVN.AX,ASX,AUD,
FMG Procurement Services Pty Ltd,Fortescue Ltd,FMG.AX,ASX,AUD,Wholly owned subsidiary
Freeport McMoRan Inc. - Corporate Acc.,Freeport-McMoRan Inc,FCX,NYSE,USD,
Fresnillo Chile SPA,Fresnillo plc,FRES.L,LSE,GBp,Wholly owned subsidiary
Greenstone Gold Mines,Equinox Gold Corp,EQX,NYSE American,USD,Equinox 100% since 2024 (earlier Premier Gold/Centerra/Orion JV)
Industrial Minera Mexico S.A. de C.V.,Southern Copper Corp,SCCO,NYSE,USD,Part of Minera Mexico (Southern Copper / Grupo Mexico)
Lundin Mining Corporation,Lundin Mining Corp,LUN.TO,TSX,CAD,
Luossavaara-Kiirunavaara AB,,,,,LKAB - state-owned (Sweden) - no listed shares
Maaden - Exploration,Saudi Arabian Mining Co (Maaden),1211.SR,Tadawul,SAR,
MIM - a Glencore Company,Glencore plc,GLEN.L,LSE,GBp,Mount Isa Mines - wholly owned
Minera Escondida Ltda,BHP Group Ltd,BHP.AX,ASX,AUD,BHP 57.5% / Rio Tinto 30% / JECO 12.5%
Mineral Resources Limited,Mineral Resources Ltd,MIN.AX,ASX,AUD,
MMG,MMG Ltd,1208.HK,HKEX,HKD,
Newmont Goldcorp Services Pty Ltd,Newmont Corp,NEM,NYSE,USD,Wholly owned subsidiary
NEXA RECURSOS MINERAIS S/A,Nexa Resources SA,NEXA,NYSE,USD,Listed Oct 2017
Northern Star Resources Limited,Northern Star Resources Ltd,NST.AX,ASX,AUD,
PT Vale Indonesia TBK,PT Vale Indonesia Tbk,INCO.JK,IDX,IDR,
"PT Vale Indonesia TBK, OPG Tech Dept.",PT Vale Indonesia Tbk,INCO.JK,IDX,IDR,
Rio Tinto IS&T Asia Pacific,Rio Tinto plc,RIO.L,LSE,GBp,Wholly owned subsidiary
SGC - Servicio Geologico da Colombia,,,,,Government agency (Colombia) - no shares
VALE S.A.,Vale SA,VALE3.SA,B3,BRL,
Vale S/A,Vale SA,VALE3.SA,B3,BRL,
"Zangge Mining Co., Ltd",Zangge Mining Co Ltd,000408.SZ,SZSE,CNY,
"Zijin Mining Corporation Co.,Ltd",Zijin Mining Group Co Ltd,2899.HK,HKEX,HKD,H-shares; A-shares are 601899.SS
