ticker,year,close,date,source
AR.TO,2017,2.4,2017-12-29,TMX Money daily history (independent of Yahoo)
AR.TO,2018,1.56,2018-12-31,TMX Money daily history (independent of Yahoo)
AR.TO,2019,1.95,2019-12-31,TMX Money daily history (independent of Yahoo)
AR.TO,2020,2.74,2020-12-31,TMX Money daily history (independent of Yahoo)
AR.TO,2021,2.4,2021-12-31,TMX Money daily history (independent of Yahoo)
AR.TO,2022,0.52,2022-12-30,TMX Money daily history (independent of Yahoo)
AR.TO,2023,0.47,2023-12-29,TMX Money daily history (independent of Yahoo)
AR.TO,2024,0.52,2024-07-16,TMX Money daily history (independent of Yahoo)
CXB.TO,2017,1.3,2017-12-29,TMX Money daily history (independent of Yahoo)
CXB.TO,2018,0.365,2018-12-31,TMX Money daily history (independent of Yahoo)
CXB.TO,2019,0.94,2019-12-31,TMX Money daily history (independent of Yahoo)
CXB.TO,2020,2.42,2020-12-31,TMX Money daily history (independent of Yahoo)
CXB.TO,2021,1.34,2021-12-31,TMX Money daily history (independent of Yahoo)
CXB.TO,2022,0.9,2022-12-30,TMX Money daily history (independent of Yahoo)
CXB.TO,2023,1.36,2023-12-29,TMX Money daily history (independent of Yahoo)
CXB.TO,2024,2.15,2024-12-31,TMX Money daily history (independent of Yahoo)
CXB.TO,2025,2.99,2025-06-18,TMX Money daily history (independent of Yahoo)
OLA.TO,2017,1.78,2017-12-29,TMX Money daily history (independent of Yahoo)
OLA.TO,2018,1.05,2018-12-31,TMX Money daily history (independent of Yahoo)
OLA.TO,2019,2.0,2019-12-31,TMX Money daily history (independent of Yahoo)
OLA.TO,2020,6.86,2020-12-31,TMX Money daily history (independent of Yahoo)
OLA.TO,2021,4.83,2021-12-31,TMX Money daily history (independent of Yahoo)
OLA.TO,2022,5.48,2022-12-30,TMX Money daily history (independent of Yahoo)
OLA.TO,2023,4.32,2023-12-29,TMX Money daily history (independent of Yahoo)
OLA.TO,2024,7.96,2024-12-31,TMX Money daily history (independent of Yahoo)
OLA.TO,2025,18.46,2025-12-31,TMX Money daily history (independent of Yahoo); matches Orla 2025 AIF (C$18.46)
OLA.TO,2026,13.46,2026-08-04,TMX Money daily history (independent of Yahoo)
PGM.V,2017,0.56,2017-12-29,TMX Money daily history (independent of Yahoo)
PGM.V,2018,0.65,2018-12-31,TMX Money daily history (independent of Yahoo)
PGM.V,2019,0.81,2019-12-31,TMX Money daily history (independent of Yahoo)
PGM.V,2020,2.58,2020-12-31,TMX Money daily history (independent of Yahoo)
PGM.V,2021,0.68,2021-12-31,TMX Money daily history (independent of Yahoo)
PGM.V,2022,0.015,2022-11-01,TMX Money daily history (independent of Yahoo)
OBM.AX,2017,0.235,2017-08-15,CNBC unadjusted history; Eastern Goldfields (EGS) last trade before suspension
OBM.AX,2018,0.115,2018-07-20,CNBC unadjusted history; Eastern Goldfields (EGS) last trade before suspension
