ticker,company,currency,year,last_trading_day,open,high,low,close,average_close,dividends_in_year,dividend_yield,rate_2y,forward_2y_price,forward_for_year,actual_close_in_forward_year,forward_error
000408.SZ,Zangge Mining Co Ltd,CNY,2017,2017-12-29,15.12,21.95,12.65,17.7,15.9407,0.3,0.0169,0.035,18.3507,2019,7.38,-0.5978
000408.SZ,Zangge Mining Co Ltd,CNY,2018,2018-12-28,17.72,19.97,10.38,11.22,14.1027,0.0,0.0,0.027,11.8425,2020,8.01,-0.3236
000408.SZ,Zangge Mining Co Ltd,CNY,2019,2019-12-31,11.15,13.2,6.46,7.38,9.5288,0.0,0.0,0.026,7.7739,2021,41.0,4.274
000408.SZ,Zangge Mining Co Ltd,CNY,2020,2020-12-31,7.42,8.96,3.55,8.01,6.8916,0.0,0.0,0.027,8.4544,2022,25.97,2.0718
000408.SZ,Zangge Mining Co Ltd,CNY,2021,2021-12-31,8.0,41.51,7.47,41.0,21.0551,0.0,0.0,0.023,42.9301,2023,25.34,-0.4097
000408.SZ,Zangge Mining Co Ltd,CNY,2022,2022-12-30,41.6,41.77,21.8,25.97,31.3621,1.898,0.0731,0.023,23.4947,2024,27.73,0.1803
000408.SZ,Zangge Mining Co Ltd,CNY,2023,2023-12-29,26.1,28.9,20.9,25.34,24.2581,1.76,0.0695,0.022,23.0456,2025,84.4,2.6623
000408.SZ,Zangge Mining Co Ltd,CNY,2024,2024-12-31,25.4,34.08,21.4,27.73,26.8147,1.06,0.0382,0.011,26.2604,2026,71.46,1.7212
000408.SZ,Zangge Mining Co Ltd,CNY,2025,2025-12-31,27.73,87.68,27.1,84.4,46.3005,1.0,0.0118,0.014,84.764,2027,,
000408.SZ,Zangge Mining Co Ltd,CNY,2026,2026-09-24,85.01,97.28,66.5,71.46,80.5279,2.5,0.035,0.014,68.5229,2028,,
1208.HK,MMG Ltd,HKD,2017,2017-12-29,1.97,4.05,1.92,3.88,3.1063,0.0,0.0,0.013,3.9822,2019,2.34,-0.4124
1208.HK,MMG Ltd,HKD,2018,2018-12-31,3.88,6.53,2.73,3.37,4.6502,0.0,0.0,0.018,3.4935,2020,3.35,-0.0411
1208.HK,MMG Ltd,HKD,2019,2019-12-31,3.3,4.04,1.48,2.34,2.5197,0.0,0.0,0.017,2.4209,2021,2.5,0.0327
1208.HK,MMG Ltd,HKD,2020,2020-12-31,2.34,3.72,1.02,3.35,1.9502,0.0,0.0,0.002,3.3634,2022,2.0,-0.4054
1208.HK,MMG Ltd,HKD,2021,2021-12-31,3.29,6.5,2.14,2.5,3.849,0.0,0.0,0.006,2.5302,2023,2.31,-0.087
1208.HK,MMG Ltd,HKD,2022,2022-12-30,2.51,4.06,1.51,2.0,2.5699,0.0,0.0,0.04,2.1666,2024,2.57,0.1862
1208.HK,MMG Ltd,HKD,2023,2023-12-29,1.99,3.58,1.94,2.31,2.4644,0.0,0.0,0.036,2.4825,2025,8.81,2.5489
1208.HK,MMG Ltd,HKD,2024,2024-12-31,2.34,4.51,1.75,2.57,2.7732,0.0,0.0,0.034,2.7508,2026,8.545,2.1063
1208.HK,MMG Ltd,HKD,2025,2025-12-31,2.54,9.19,1.95,8.81,4.4061,0.0,0.0,0.026,9.2802,2027,,
1208.HK,MMG Ltd,HKD,2026,2026-09-25,8.76,11.96,6.53,8.545,8.8797,0.0,0.0,0.026,9.0011,2028,,
1211.SR,Saudi Arabian Mining Co (Maaden),SAR,2017,2017-12-31,39.1,57.0,38.5,52.1,46.3504,0.0,0.0,0.02,54.2262,2019,44.4,-0.1812
1211.SR,Saudi Arabian Mining Co (Maaden),SAR,2018,2018-12-31,51.2,60.0,40.9,49.3,52.886,0.0,0.0,0.029,52.2439,2020,40.5,-0.2248
1211.SR,Saudi Arabian Mining Co (Maaden),SAR,2019,2019-12-31,49.0,59.6,39.6,44.4,49.1308,0.0,0.0,0.023,46.4901,2021,78.5,0.6885
1211.SR,Saudi Arabian Mining Co (Maaden),SAR,2020,2020-12-31,44.15,46.5,27.8,40.5,38.3618,0.0,0.0,0.009,41.2356,2022,64.7,2.1381
1211.SR,Saudi Arabian Mining Co (Maaden),SAR,2021,2021-12-30,40.5,89.5,39.85,78.5,64.021,0.0,0.0,0.012,80.4068,2023,48.55,0.8114
1211.SR,Saudi Arabian Mining Co (Maaden),SAR,2022,2022-12-29,78.4,150.8,45.1,64.7,85.1885,0.0,0.0,0.05,71.5046,2024,50.3,0.0552
1211.SR,Saudi Arabian Mining Co (Maaden),SAR,2023,2023-12-31,65.3,76.7,35.4,48.55,52.437,0.0,0.0,0.054,54.087,2025,60.95,0.1269
1211.SR,Saudi Arabian Mining Co (Maaden),SAR,2024,2024-12-31,51.4,57.4,39.0,50.3,48.0612,0.0,0.0,0.052,55.8129,2026,61.1,0.0947
1211.SR,Saudi Arabian Mining Co (Maaden),SAR,2025,2025-12-31,50.3,68.45,37.85,60.95,53.3839,0.0,0.0,0.046,66.8234,2027,,
1211.SR,Saudi Arabian Mining Co (Maaden),SAR,2026,2026-09-24,61.2,79.9,54.9,61.1,65.5639,0.0,0.0,0.046,66.9879,2028,,
2899.HK,Zijin Mining Group Co Ltd,HKD,2017,2017-12-29,2.5,3.18,2.48,2.95,2.75,0.0687,0.0233,0.013,2.89,2019,3.88,0.3426
2899.HK,Zijin Mining Group Co Ltd,HKD,2018,2018-12-31,3.02,4.37,2.57,2.97,3.2065,0.1111,0.0374,0.018,2.8569,2020,8.77,2.0698
2899.HK,Zijin Mining Group Co Ltd,HKD,2019,2019-12-31,2.97,3.89,2.62,3.88,3.015,0.1138,0.0293,0.017,3.7855,2021,9.28,1.4515
2899.HK,Zijin Mining Group Co Ltd,HKD,2020,2020-12-31,3.9,8.89,2.3,8.77,4.6719,0.1095,0.0125,0.002,8.588,2022,10.58,0.232
2899.HK,Zijin Mining Group Co Ltd,HKD,2021,2021-12-31,8.77,16.24,8.47,9.28,10.711,0.1451,0.0156,0.006,9.103,2023,12.72,0.3973
2899.HK,Zijin Mining Group Co Ltd,HKD,2022,2022-12-30,9.34,14.18,7.18,10.58,9.9719,0.2326,0.022,0.04,10.9682,2024,14.16,0.291
2899.HK,Zijin Mining Group Co Ltd,HKD,2023,2023-12-29,10.5,14.8,10.38,12.72,12.3085,0.2777,0.0218,0.036,13.0856,2025,35.66,1.7251
2899.HK,Zijin Mining Group Co Ltd,HKD,2024,2024-12-31,12.7,20.1,10.7,14.16,15.5004,0.3294,0.0233,0.034,14.4673,2026,32.5,1.2464
2899.HK,Zijin Mining Group Co Ltd,HKD,2025,2025-12-31,14.02,36.92,13.86,35.66,22.8656,0.5443,0.0153,0.026,36.434,2027,,
2899.HK,Zijin Mining Group Co Ltd,HKD,2026,2026-09-25,35.66,46.98,26.58,32.5,36.0909,0.9207,0.0283,0.026,32.3489,2028,,
AAL.L,Anglo American plc,GBp,2017,2017-12-29,1166.0059,1554.5079,950.1048,1549.5078,1265.1588,42.9552,0.0277,0.0045,1479.1885,2019,2173.0111,0.4691
AAL.L,Anglo American plc,GBp,2018,2018-12-31,1559.008,1948.0099,1433.8073,1747.8088,1691.2292,89.0212,0.0509,0.0075,1602.3909,2020,2424.5124,0.5131
AAL.L,Anglo American plc,GBp,2019,2019-12-31,1715.0088,2294.0117,1654.8085,2173.0111,1985.42,105.093,0.0484,0.0055,1994.4895,2021,3015.987,0.5192
AAL.L,Anglo American plc,GBp,2020,2020-12-31,2182.5112,2564.513,1018.2051,2424.5124,1877.4608,68.8747,0.0284,-0.0015,2283.7415,2022,3236.4859,0.4238
AAL.L,Anglo American plc,GBp,2021,2021-12-31,2478.5127,3509.0179,2321.012,3015.987,2916.9277,270.6098,0.0896,0.007,2556.5546,2023,1970.5915,-0.2292
AAL.L,Anglo American plc,GBp,2022,2022-12-30,3025.4868,4996.7783,2487.4892,3236.4859,3243.97,273.4709,0.0845,0.036,2937.3143,2024,2363.9897,-0.1952
AAL.L,Anglo American plc,GBp,2023,2023-12-29,3231.486,3698.984,1629.9929,1970.5915,2472.6371,119.2608,0.0605,0.04,1891.3543,2025,3085.0,0.6628
AAL.L,Anglo American plc,GBp,2024,2024-12-31,1983.9915,2812.9877,1657.5928,2363.9897,2223.0443,75.0852,0.0318,0.044,2422.5644,2026,4042.0,0.7009
AAL.L,Anglo American plc,GBp,2025,2025-12-31,2385.9896,3093.8149,1673.3927,3085.0,2418.8185,24.3828,0.0078,0.0375,3273.9,2027,,
AAL.L,Anglo American plc,GBp,2026,2026-09-25,3098.0,4348.0,2757.0,4042.0,3663.9328,28.809,0.0071,0.0375,4295.1428,2028,,
AEM,Agnico Eagle Mines Ltd,USD,2017,2017-12-29,41.9,51.86,39.3,46.18,45.836,0.41,0.0089,0.0189,47.1149,2019,61.61,0.3077
AEM,Agnico Eagle Mines Ltd,USD,2018,2018-12-31,46.47,49.8,32.18,40.4,40.7645,0.44,0.0109,0.0249,41.5479,2020,70.51,0.6971
AEM,Agnico Eagle Mines Ltd,USD,2019,2019-12-31,40.48,64.88,38.72,61.61,50.2829,0.55,0.0089,0.0158,62.4627,2021,53.14,-0.1493
AEM,Agnico Eagle Mines Ltd,USD,2020,2020-12-31,62.08,89.23,31.0,70.51,65.8719,0.95,0.0135,0.0013,68.8141,2022,51.99,-0.2445
AEM,Agnico Eagle Mines Ltd,USD,2021,2021-12-31,73.45,76.69,47.07,53.14,60.6234,1.4,0.0263,0.0073,51.1539,2023,54.85,0.0723
AEM,Agnico Eagle Mines Ltd,USD,2022,2022-12-30,52.03,67.14,36.69,51.99,49.8861,1.6,0.0308,0.0443,53.4155,2024,78.21,0.4642
AEM,Agnico Eagle Mines Ltd,USD,2023,2023-12-29,52.82,61.15,43.22,54.85,51.1018,1.6,0.0292,0.0425,56.3319,2025,169.53,2.0095
AEM,Agnico Eagle Mines Ltd,USD,2024,2024-12-31,54.58,89.0,44.37,78.21,69.3142,1.6,0.0205,0.0424,81.7186,2026,194.48,1.3799
AEM,Agnico Eagle Mines Ltd,USD,2025,2025-12-31,79.4,187.5,79.39,169.53,129.935,1.6,0.0094,0.0348,178.3511,2027,,
AEM,Agnico Eagle Mines Ltd,USD,2026,2026-09-25,170.24,255.24,134.38,194.48,190.1248,1.35,0.0069,0.0348,205.6234,2028,,
B,Barrick Mining Corp,USD,2017,2017-12-29,16.0,20.78,13.28,14.47,16.7512,0.12,0.0083,0.0189,14.7802,2019,18.59,0.2578
B,Barrick Mining Corp,USD,2018,2018-12-31,14.65,15.52,9.53,13.54,12.611,0.19,0.014,0.0249,13.8375,2020,22.78,0.6462
B,Barrick Mining Corp,USD,2019,2019-12-31,13.64,20.07,11.52,18.59,15.2866,0.13,0.007,0.0158,18.9203,2021,19.0,0.0042
B,Barrick Mining Corp,USD,2020,2020-12-31,18.71,31.22,12.65,22.78,24.4271,0.31,0.0136,0.0013,22.2261,2022,17.18,-0.227
B,Barrick Mining Corp,USD,2021,2021-12-31,23.85,25.37,17.27,19.0,20.7749,0.78,0.0411,0.0073,17.7597,2023,18.09,0.0186
B,Barrick Mining Corp,USD,2022,2022-12-30,18.78,26.07,13.01,17.18,18.6931,0.65,0.0378,0.0443,17.4036,2024,15.5,-0.1094
B,Barrick Mining Corp,USD,2023,2023-12-29,17.54,20.75,13.82,18.09,17.2442,0.4,0.0221,0.0425,18.8429,2025,43.55,1.3112
B,Barrick Mining Corp,USD,2024,2024-12-31,18.02,21.35,13.76,15.5,17.4878,0.4,0.0258,0.0424,16.023,2026,42.88,1.6761
B,Barrick Mining Corp,USD,2025,2025-12-31,15.76,46.45,15.31,43.55,25.1436,0.525,0.0121,0.0348,45.5768,2027,,
B,Barrick Mining Corp,USD,2026,2026-09-25,44.15,54.69,34.03,42.88,42.7072,0.77,0.018,0.0348,44.3491,2028,,
BHP.AX,BHP Group Ltd,AUD,2017,2017-12-29,25.0199,29.7599,22.0599,29.5699,25.6658,1.1919,0.0403,0.02,28.393,2019,38.9199,0.3708
BHP.AX,BHP Group Ltd,AUD,2018,2018-12-31,29.4999,35.6799,28.1299,34.2299,32.039,1.7541,0.0512,0.019,32.0922,2020,42.4299,0.3221
BHP.AX,BHP Group Ltd,AUD,2019,2019-12-31,34.2799,42.3299,32.2449,38.9199,37.4919,3.7405,0.0961,0.009,32.6972,2021,41.4999,0.2692
BHP.AX,BHP Group Ltd,AUD,2020,2020-12-31,38.6999,43.6599,24.0499,42.4299,36.1864,1.9638,0.0463,0.001,38.756,2022,45.63,0.3223
BHP.AX,BHP Group Ltd,AUD,2021,2021-12-31,42.6299,54.5499,35.5599,41.4999,44.8667,4.5222,0.109,0.006,33.7761,2023,50.41,0.6762
BHP.AX,BHP Group Ltd,AUD,2022,2022-12-30,41.7499,53.7199,35.83,45.63,43.6558,4.8885,0.1015,0.035,39.9458,2024,39.55,-0.0099
BHP.AX,BHP Group Ltd,AUD,2023,2023-12-29,46.1,50.84,41.66,50.41,45.694,2.6143,0.0519,0.037,48.9338,2025,45.49,-0.0704
BHP.AX,BHP Group Ltd,AUD,2024,2024-12-31,50.13,50.605,38.28,39.55,43.1465,2.2062,0.0558,0.0385,38.2063,2026,60.72,0.5893
BHP.AX,BHP Group Ltd,AUD,2025,2025-12-31,39.5,46.03,33.25,45.49,40.3183,1.7102,0.0376,0.039,45.618,2027,,
BHP.AX,BHP Group Ltd,AUD,2026,2026-09-25,45.53,68.77,45.37,60.72,57.0201,2.4184,0.0398,0.039,60.6195,2028,,
EQX,Equinox Gold Corp,USD,2019,2019-12-31,0.75,8.18,0.73,7.7,2.8306,0.0,0.0,0.0158,7.9472,2021,6.76,-0.1494
EQX,Equinox Gold Corp,USD,2020,2020-12-31,7.9,13.662,4.63,10.34,9.9641,0.0,0.0,0.0013,10.3669,2022,3.28,-0.6836
EQX,Equinox Gold Corp,USD,2021,2021-12-31,10.8,11.24,5.9,6.76,7.9372,0.0,0.0,0.0073,6.8594,2023,4.89,-0.2871
EQX,Equinox Gold Corp,USD,2022,2022-12-30,6.69,9.07,2.35,3.28,5.1929,0.0,0.0,0.0443,3.5839,2024,5.02,0.4007
EQX,Equinox Gold Corp,USD,2023,2023-12-29,3.35,5.845,3.32,4.89,4.687,0.0,0.0,0.0425,5.3238,2025,14.04,1.6372
EQX,Equinox Gold Corp,USD,2024,2024-12-31,4.93,6.5,3.95,5.02,5.3678,0.0,0.0,0.0424,5.4643,2026,11.94,1.1851
EQX,Equinox Gold Corp,USD,2025,2025-12-31,5.13,15.1,5.04,14.04,8.4156,0.0,0.0,0.0348,15.052,2027,,
EQX,Equinox Gold Corp,USD,2026,2026-09-25,14.39,18.96,8.485,11.94,13.1057,0.053,0.0044,0.0348,12.6875,2028,,
EVN.AX,Evolution Mining Ltd,AUD,2017,2017-12-29,2.05,2.69,1.89,2.65,2.3197,0.05,0.0189,0.02,2.656,2019,3.8,0.4307
EVN.AX,Evolution Mining Ltd,AUD,2018,2018-12-31,2.65,3.69,2.49,3.69,3.0382,0.075,0.0203,0.019,3.6802,2020,4.99,0.3559
EVN.AX,Evolution Mining Ltd,AUD,2019,2019-12-31,3.69,5.585,3.04,3.8,4.0952,0.095,0.025,0.009,3.6803,2021,4.06,0.1032
EVN.AX,Evolution Mining Ltd,AUD,2020,2020-12-31,3.78,6.585,3.285,4.99,5.1846,0.16,0.0321,0.001,4.6894,2022,2.98,-0.3645
EVN.AX,Evolution Mining Ltd,AUD,2021,2021-12-31,5.06,5.44,3.27,4.06,4.305,0.12,0.0296,0.006,3.8732,2023,3.96,0.0224
EVN.AX,Evolution Mining Ltd,AUD,2022,2022-12-30,4.04,4.75,1.8,2.98,3.1492,0.06,0.0201,0.035,3.0699,2024,4.81,0.5668
EVN.AX,Evolution Mining Ltd,AUD,2023,2023-12-29,3.01,4.23,2.555,3.96,3.4562,0.04,0.0101,0.037,4.1789,2025,12.68,2.0343
EVN.AX,Evolution Mining Ltd,AUD,2024,2024-12-31,3.92,5.38,2.83,4.81,4.0338,0.07,0.0146,0.0385,5.046,2026,13.71,1.717
EVN.AX,Evolution Mining Ltd,AUD,2025,2025-12-31,4.83,13.3,4.8,12.68,8.5276,0.2,0.0158,0.039,13.2829,2027,,
EVN.AX,Evolution Mining Ltd,AUD,2026,2026-09-25,12.57,17.75,10.205,13.71,13.3245,0.41,0.0299,0.039,13.9617,2028,,
FCX,Freeport-McMoRan Inc,USD,2017,2017-12-29,13.49,19.45,11.05,18.96,13.9081,0.0,0.0,0.0189,19.6904,2019,13.12,-0.3337
FCX,Freeport-McMoRan Inc,USD,2018,2018-12-31,19.05,20.25,9.6,10.31,15.6062,0.15,0.0145,0.0249,10.5257,2020,26.02,1.4721
FCX,Freeport-McMoRan Inc,USD,2019,2019-12-31,10.01,14.68,8.43,13.12,11.235,0.2,0.0152,0.0158,13.1346,2021,41.73,2.1771
FCX,Freeport-McMoRan Inc,USD,2020,2020-12-31,13.35,26.83,4.82,26.02,13.754,0.05,0.0019,0.0013,25.9877,2022,38.0,0.4622
FCX,Freeport-McMoRan Inc,USD,2021,2021-12-31,27.24,46.1,24.71,41.73,36.1813,0.225,0.0054,0.0073,41.8896,2023,42.57,0.0162
FCX,Freeport-McMoRan Inc,USD,2022,2022-12-30,41.48,51.99,24.8,38.0,37.0634,0.6,0.0158,0.0443,40.2298,2024,38.08,-0.0534
FCX,Freeport-McMoRan Inc,USD,2023,2023-12-29,37.95,46.73,32.83,42.57,39.2257,0.6,0.0141,0.0425,45.0585,2025,50.79,0.1272
FCX,Freeport-McMoRan Inc,USD,2024,2024-12-31,41.96,55.24,36.26,38.08,45.1796,0.6,0.0158,0.0424,40.1642,2026,72.31,0.8004
FCX,Freeport-McMoRan Inc,USD,2025,2025-12-31,38.39,53.77,27.66,50.79,40.801,0.6,0.0118,0.0348,53.1795,2027,,
FCX,Freeport-McMoRan Inc,USD,2026,2026-09-25,51.73,80.24,50.79,72.31,64.211,0.45,0.0062,0.0348,76.5632,2028,,
FMG.AX,Fortescue Ltd,AUD,2017,2017-12-29,5.91,7.27,4.52,4.88,5.486,0.45,0.0922,0.02,4.2237,2019,10.69,1.5309
FMG.AX,Fortescue Ltd,AUD,2018,2018-12-31,4.91,5.46,3.515,4.19,4.4323,0.23,0.0549,0.019,3.8998,2020,23.43,5.0081
FMG.AX,Fortescue Ltd,AUD,2019,2019-12-31,4.18,11.1,4.13,10.69,7.9291,1.14,0.1066,0.009,8.7936,2021,19.21,1.1845
FMG.AX,Fortescue Ltd,AUD,2020,2020-12-31,10.66,24.38,8.2,23.43,14.8202,1.76,0.0751,0.001,20.202,2022,20.51,0.0152
FMG.AX,Fortescue Ltd,AUD,2021,2021-12-31,23.71,26.58,13.9,19.21,20.6486,3.58,0.1864,0.006,13.3927,2023,29.02,1.1669
FMG.AX,Fortescue Ltd,AUD,2022,2022-12-30,19.32,22.99,14.5,20.51,19.0597,2.07,0.1009,0.035,17.9764,2024,18.25,0.0152
FMG.AX,Fortescue Ltd,AUD,2023,2023-12-29,20.72,29.15,18.91,29.02,22.0737,1.75,0.0603,0.037,27.6985,2025,22.01,-0.2054
FMG.AX,Fortescue Ltd,AUD,2024,2024-12-31,28.92,29.95,15.88,18.25,22.4653,1.97,0.1079,0.0385,15.8834,2026,16.37,0.0306
FMG.AX,Fortescue Ltd,AUD,2025,2025-12-31,18.35,23.38,13.18,22.01,18.181,1.1,0.05,0.039,21.532,2027,,
FMG.AX,Fortescue Ltd,AUD,2026,2026-09-25,22.0,23.35,16.135,16.37,19.8599,1.08,0.066,0.039,15.5103,2028,,
FRES.L,Fresnillo plc,GBp,2017,2017-12-29,1221.0,1746.0,1213.0,1429.0,1469.7605,24.8029,0.0174,0.0045,1392.7236,2019,640.2,-0.5403
FRES.L,Fresnillo plc,GBp,2018,2018-12-31,1439.0,1461.0,737.6,860.0,1089.4767,30.0051,0.0349,0.0075,814.1569,2020,1129.5,0.3873
FRES.L,Fresnillo plc,GBp,2019,2019-12-31,858.8,1028.0,536.8,640.2,764.7213,15.0732,0.0235,0.0055,617.5077,2021,892.8,0.4458
FRES.L,Fresnillo plc,GBp,2020,2020-12-31,645.2,1379.5,456.509,1129.5,944.9961,11.3422,0.01,-0.0015,1103.7257,2022,901.8,-0.1829
FRES.L,Fresnillo plc,GBp,2021,2021-12-31,1156.5,1280.0,742.6,892.8,894.1628,23.7399,0.0266,0.007,858.4958,2023,594.4,-0.3076
FRES.L,Fresnillo plc,GBp,2022,2022-12-30,888.2,934.85,610.6,901.8,757.8912,21.9929,0.0244,0.036,922.9889,2024,621.5,-0.3266
FRES.L,Fresnillo plc,GBp,2023,2023-12-29,904.2,996.8,499.3,594.4,659.8032,11.7816,0.0198,0.04,618.8795,2025,3334.0,4.3872
FRES.L,Fresnillo plc,GBp,2024,2024-12-31,600.0,782.0,435.2,621.5,577.0811,8.4122,0.0135,0.044,660.545,2026,2890.0,3.3752
FRES.L,Fresnillo plc,GBp,2025,2025-12-31,624.0,3412.0,624.0,3334.0,1567.6403,66.5138,0.02,0.0375,3453.1004,2027,,
FRES.L,Fresnillo plc,GBp,2026,2026-09-25,3374.0,4472.0,2397.0,2890.0,3281.3348,111.7694,0.0387,0.0375,2883.2192,2028,,
GLEN.L,Glencore plc,GBp,2017,2017-12-29,280.35,390.25,270.0,390.0,329.0642,5.2896,0.0136,0.0045,382.9944,2019,235.35,-0.3855
GLEN.L,Glencore plc,GBp,2018,2018-12-31,389.8,416.9,268.35,291.35,343.6761,15.0322,0.0516,0.0075,266.7563,2020,233.0,-0.1265
GLEN.L,Glencore plc,GBp,2019,2019-12-31,282.65,343.6,188.233,235.35,269.3907,15.657,0.0665,0.0055,208.3087,2021,374.95,0.8
GLEN.L,Glencore plc,GBp,2020,2020-12-31,236.55,258.3,109.76,233.0,181.6924,0.0,0.0,-0.0015,232.302,2022,552.4,1.3779
GLEN.L,Glencore plc,GBp,2021,2021-12-31,237.65,420.03,219.7,374.95,320.0962,11.8589,0.0316,0.007,356.929,2023,472.1,0.3227
GLEN.L,Glencore plc,GBp,2022,2022-12-30,381.05,571.9,381.05,552.4,477.7438,31.3397,0.0567,0.036,529.9619,2024,353.4,-0.3332
GLEN.L,Glencore plc,GBp,2023,2023-12-29,557.9,584.5,106.98,472.1,464.8237,41.6849,0.0883,0.04,428.6314,2025,406.55,-0.0515
GLEN.L,Glencore plc,GBp,2024,2024-12-31,475.0,506.72,348.35,353.4,422.8279,10.1346,0.0287,0.044,364.3976,2026,561.1,0.5398
GLEN.L,Glencore plc,GBp,2025,2025-12-31,357.0,408.9,205.0,406.55,319.4573,7.4807,0.0184,0.0375,422.3803,2027,,
GLEN.L,Glencore plc,GBp,2026,2026-09-25,410.4,707.2,396.68,561.1,540.9868,12.5647,0.0224,0.0375,578.3118,2028,,
GMEXICOB.MX,Grupo Mexico SAB de CV,MXN,2017,2017-12-29,57.1,67.34,48.01,64.91,57.8312,1.26,0.0194,0.076,72.6882,2019,51.89,-0.2861
GMEXICOB.MX,Grupo Mexico SAB de CV,MXN,2018,2018-12-31,65.07,68.69,36.75,40.44,55.813,2.7,0.0668,0.086,42.026,2020,84.12,1.0016
GMEXICOB.MX,Grupo Mexico SAB de CV,MXN,2019,2019-12-31,40.02,59.2,39.53,51.89,48.7693,2.4,0.0463,0.069,54.3054,2021,89.29,0.6442
GMEXICOB.MX,Grupo Mexico SAB de CV,MXN,2020,2020-12-31,52.42,88.97,37.21,84.12,56.4322,3.0,0.0357,0.043,85.3635,2022,68.7,-0.1952
GMEXICOB.MX,Grupo Mexico SAB de CV,MXN,2021,2021-12-31,85.87,110.52,78.08,89.29,93.2468,6.25,0.07,0.072,89.6485,2023,94.38,0.0528
GMEXICOB.MX,Grupo Mexico SAB de CV,MXN,2022,2022-12-30,89.01,122.1,61.69,68.7,87.3723,5.0,0.0728,0.105,73.2728,2024,99.28,0.3549
GMEXICOB.MX,Grupo Mexico SAB de CV,MXN,2023,2023-12-29,68.74,95.39,68.35,94.38,82.699,3.8,0.0403,0.103,106.9973,2025,170.2001,0.5907
GMEXICOB.MX,Grupo Mexico SAB de CV,MXN,2024,2024-12-31,93.7,115.97,79.99,99.28,100.1006,4.3,0.0433,0.099,110.9768,2026,224.11,1.0298
GMEXICOB.MX,Grupo Mexico SAB de CV,MXN,2025,2025-12-31,100.23,176.9901,91.08,170.2001,122.9126,5.1,0.03,0.073,185.4982,2027,,
GMEXICOB.MX,Grupo Mexico SAB de CV,MXN,2026,2026-09-25,172.2901,240.9701,166.5401,224.11,205.4347,3.95,0.0176,0.073,250.3927,2028,,
INCO.JK,PT Vale Indonesia Tbk,IDR,2017,2017-12-29,2820.0,3340.0,1835.0,2890.0,2505.9252,0.0,0.0,0.058,3245.4581,2019,3640.0,0.1216
INCO.JK,PT Vale Indonesia Tbk,IDR,2018,2018-12-31,2890.0,4720.0,2740.0,3260.0,3498.0843,0.0,0.0,0.077,3802.7603,2020,5100.0,0.3411
INCO.JK,PT Vale Indonesia Tbk,IDR,2019,2019-12-30,3260.0,4320.0,2410.0,3640.0,3334.2023,0.0,0.0,0.057,4079.5377,2021,4680.0,0.1472
INCO.JK,PT Vale Indonesia Tbk,IDR,2020,2020-12-30,3650.0,5900.0,1340.0,5100.0,3398.8843,0.0,0.0,0.041,5535.8246,2022,7100.0,0.2826
INCO.JK,PT Vale Indonesia Tbk,IDR,2021,2021-12-30,5200.0,7100.0,4110.0,4680.0,5034.9798,46.6313,0.01,0.039,4959.8237,2023,4310.0,-0.131
INCO.JK,PT Vale Indonesia Tbk,IDR,2022,2022-12-30,4700.0,8800.0,4240.0,7100.0,6366.4024,0.0,0.0,0.059,7989.2332,2024,3620.0,-0.5469
INCO.JK,PT Vale Indonesia Tbk,IDR,2023,2023-12-29,7125.0,7750.0,4010.0,4310.0,6121.4435,88.3333,0.0205,0.064,4701.8119,2025,5175.0,0.1006
INCO.JK,PT Vale Indonesia Tbk,IDR,2024,2024-12-30,4320.0,5300.0,3500.0,3620.0,4009.8058,0.0,0.0,0.069,4155.6715,2026,4680.0,0.1262
INCO.JK,PT Vale Indonesia Tbk,IDR,2025,2025-12-30,3620.0,5325.0,1825.0,5175.0,3525.2119,53.4,0.0103,0.05,5602.4369,2027,,
INCO.JK,PT Vale Indonesia Tbk,IDR,2026,2026-09-25,5300.0,7900.0,3960.0,4680.0,5592.0506,77.9,0.0166,0.05,5002.8488,2028,,
LUN.TO,Lundin Mining Corp,CAD,2017,2017-12-29,6.53,10.22,6.49,8.36,8.1964,0.12,0.0144,0.0169,8.4027,2019,7.76,-0.0765
LUN.TO,Lundin Mining Corp,CAD,2018,2018-12-31,8.42,9.21,4.7,5.64,7.3422,0.12,0.0213,0.0186,5.6099,2020,11.3,1.0143
LUN.TO,Lundin Mining Corp,CAD,2019,2019-12-31,5.49,7.98,5.44,7.76,6.6515,0.12,0.0155,0.017,7.7839,2021,9.88,0.2693
LUN.TO,Lundin Mining Corp,CAD,2020,2020-12-31,7.86,11.5,4.08,11.3,7.555,0.16,0.0142,0.002,11.0285,2022,8.31,-0.2465
LUN.TO,Lundin Mining Corp,CAD,2021,2021-12-31,11.51,16.07,8.56,9.88,11.8484,0.39,0.0395,0.0095,9.3051,2023,10.84,0.1649
LUN.TO,Lundin Mining Corp,CAD,2022,2022-12-30,10.07,14.0,6.24,8.31,9.3903,0.47,0.0566,0.0405,8.0474,2024,12.37,0.5372
LUN.TO,Lundin Mining Corp,CAD,2023,2023-12-29,8.5,11.93,7.35,10.84,9.8077,0.36,0.0332,0.0388,10.9619,2025,29.5,1.6911
LUN.TO,Lundin Mining Corp,CAD,2024,2024-12-31,10.72,17.97,9.85,12.37,13.6098,0.45,0.0364,0.0293,12.1961,2026,34.98,1.8681
LUN.TO,Lundin Mining Corp,CAD,2025,2025-12-31,12.65,29.82,8.94,29.5,16.2306,0.174,0.0059,0.026,30.7102,2027,,
LUN.TO,Lundin Mining Corp,CAD,2026,2026-09-25,30.08,45.74,29.18,34.98,36.1563,0.084,0.0024,0.026,36.6705,2028,,
MIN.AX,Mineral Resources Ltd,AUD,2017,2017-12-29,12.01,21.39,9.15,21.14,13.5997,0.54,0.0255,0.02,20.9069,2019,16.5,-0.2108
MIN.AX,Mineral Resources Ltd,AUD,2018,2018-12-31,21.16,22.14,12.39,15.47,16.8104,0.65,0.042,0.019,14.774,2020,37.45,1.5349
MIN.AX,Mineral Resources Ltd,AUD,2019,2019-12-31,15.49,18.12,12.44,16.5,15.1182,0.44,0.0267,0.009,15.9272,2021,56.0,2.516
MIN.AX,Mineral Resources Ltd,AUD,2020,2020-12-31,16.5,37.83,12.11,37.45,22.586,1.0,0.0267,0.001,35.5735,2022,77.2,1.1702
MIN.AX,Mineral Resources Ltd,AUD,2021,2021-12-31,38.93,65.38,33.33,56.0,46.0454,2.75,0.0491,0.006,51.3743,2023,70.0,0.3625
MIN.AX,Mineral Resources Ltd,AUD,2022,2022-12-30,56.22,92.44,42.75,77.2,61.6235,1.0,0.013,0.035,80.6802,2024,34.25,-0.5755
MIN.AX,Mineral Resources Ltd,AUD,2023,2023-12-29,78.39,96.97,56.2,70.0,72.6,1.9,0.0271,0.037,71.3937,2025,54.38,-0.2383
MIN.AX,Mineral Resources Ltd,AUD,2024,2024-12-31,69.9,79.76,29.51,34.25,54.4461,0.2,0.0058,0.0385,36.5619,2026,52.41,0.4335
MIN.AX,Mineral Resources Ltd,AUD,2025,2025-12-31,34.65,56.56,14.05,54.38,33.1684,0.0,0.0,0.039,58.7915,2027,,
MIN.AX,Mineral Resources Ltd,AUD,2026,2026-09-25,54.4,74.94,48.27,52.41,60.7661,0.83,0.0158,0.039,54.8951,2028,,
MT,ArcelorMittal SA,USD,2017,2017-12-29,7.39,33.01,7.0,32.31,19.5359,0.0,0.0,0.0189,33.5547,2019,17.54,-0.4773
MT,ArcelorMittal SA,USD,2018,2018-12-31,33.14,37.5,19.84,20.67,30.612,0.1,0.0048,0.0249,21.5162,2020,22.9,0.0643
MT,ArcelorMittal SA,USD,2019,2019-12-31,19.5,24.24,12.53,17.54,18.0963,0.2,0.0114,0.0158,17.6949,2021,31.83,0.7988
MT,ArcelorMittal SA,USD,2020,2020-12-31,17.94,24.03,6.64,22.9,13.4174,0.0,0.0,0.0013,22.9596,2022,26.22,0.142
MT,ArcelorMittal SA,USD,2021,2021-12-31,24.61,36.58,20.5,31.83,29.8296,0.3,0.0094,0.0073,31.695,2023,28.39,-0.1043
MT,ArcelorMittal SA,USD,2022,2022-12-30,32.44,37.87,19.25,26.22,27.158,0.38,0.0145,0.0443,27.8306,2024,23.13,-0.1689
MT,ArcelorMittal SA,USD,2023,2023-12-29,26.8,32.49,21.3,28.39,27.0743,0.44,0.0155,0.0425,29.9653,2025,45.57,0.5208
MT,ArcelorMittal SA,USD,2024,2024-12-31,28.22,28.95,20.52,23.13,24.99,0.5,0.0216,0.0424,24.1117,2026,70.7,1.9322
MT,ArcelorMittal SA,USD,2025,2025-12-31,23.12,46.6,21.59,45.57,33.0996,0.55,0.0121,0.0348,47.6895,2027,,
MT,ArcelorMittal SA,USD,2026,2026-09-25,46.58,79.68,46.13,70.7,62.9916,0.45,0.0064,0.0348,74.8372,2028,,
NEM,Newmont Corp,USD,2017,2017-12-29,34.12,39.63,31.42,37.52,35.4271,0.25,0.0067,0.0189,38.4496,2019,43.45,0.1301
NEM,Newmont Corp,USD,2018,2018-12-31,37.87,42.04,29.06,34.65,36.0415,0.56,0.0162,0.0249,35.2609,2020,59.89,0.6985
NEM,Newmont Corp,USD,2019,2019-12-31,34.45,44.08,29.77,43.45,36.4424,1.44,0.0331,0.0158,41.9689,2021,62.02,0.4778
NEM,Newmont Corp,USD,2020,2020-12-31,43.55,72.22,33.0,59.89,57.8758,1.04,0.0174,0.0013,57.9963,2022,47.2,-0.1862
NEM,Newmont Corp,USD,2021,2021-12-31,61.9,75.31,52.6,62.02,60.6034,2.2,0.0355,0.0073,58.6221,2023,41.39,-0.294
NEM,Newmont Corp,USD,2022,2022-12-30,61.17,86.37,37.45,47.2,57.3002,2.2,0.0466,0.0443,46.9824,2024,37.22,-0.2078
NEM,Newmont Corp,USD,2023,2023-12-29,48.27,55.41,33.59,41.39,43.2534,1.6,0.0387,0.0425,41.7094,2025,99.85,1.3939
NEM,Newmont Corp,USD,2024,2024-12-31,41.26,58.72,29.42,37.22,42.76,1.0,0.0269,0.0424,38.3944,2026,121.43,2.1627
NEM,Newmont Corp,USD,2025,2025-12-31,38.06,106.34,37.68,99.85,64.7567,1.0,0.01,0.0348,104.9243,2027,,
NEM,Newmont Corp,USD,2026,2026-09-25,100.99,135.29,88.75,121.43,111.9634,0.78,0.0064,0.0348,128.5208,2028,,
NEXA,Nexa Resources SA,USD,2017,2017-12-29,16.5,20.0,15.27,19.61,17.2823,0.0,0.0,0.0189,20.3654,2019,8.14,-0.6003
NEXA,Nexa Resources SA,USD,2018,2018-12-31,19.85,21.61,10.52,11.9,15.0073,0.6,0.0504,0.0249,11.3079,2020,9.64,-0.1475
NEXA,Nexa Resources SA,USD,2019,2019-12-31,11.8,12.8,7.0,8.14,9.8496,0.525,0.0645,0.0158,7.3846,2021,7.86,0.0644
NEXA,Nexa Resources SA,USD,2020,2020-12-31,8.21,10.02,2.565,9.64,6.3724,0.378,0.0392,0.0013,8.9361,2022,6.03,-0.3252
NEXA,Nexa Resources SA,USD,2021,2021-12-31,9.76,12.86,6.5,7.86,9.1688,0.264,0.0336,0.0073,7.4574,2023,7.14,-0.0426
NEXA,Nexa Resources SA,USD,2022,2022-12-30,7.82,10.54,4.27,6.03,7.0703,0.378,0.0627,0.0443,5.8123,2024,8.8,0.514
NEXA,Nexa Resources SA,USD,2023,2023-12-29,6.15,7.7,4.135,7.14,5.8762,0.189,0.0265,0.0425,7.3726,2025,8.85,0.2004
NEXA,Nexa Resources SA,USD,2024,2024-12-31,6.98,9.61,5.1,8.8,7.3132,0.0,0.0,0.0424,9.5788,2026,12.44,0.2987
NEXA,Nexa Resources SA,USD,2025,2025-12-31,9.36,9.56,4.438,8.85,5.674,0.101,0.0114,0.0348,9.2738,2027,,
NEXA,Nexa Resources SA,USD,2026,2026-09-25,9.0,16.89,8.716,12.44,12.9963,0.132,0.0106,0.0348,13.0566,2028,,
NST.AX,Northern Star Resources Ltd,AUD,2017,2017-12-29,3.54,6.24,3.46,6.1,4.7683,0.09,0.0148,0.02,6.1643,2019,11.31,0.8347
NST.AX,Northern Star Resources Ltd,AUD,2018,2018-12-31,6.15,9.49,5.57,9.24,7.1962,0.095,0.0103,0.019,9.4025,2020,12.69,0.3496
NST.AX,Northern Star Resources Ltd,AUD,2019,2019-12-31,9.24,14.055,7.85,11.31,10.1989,0.135,0.0119,0.009,11.2438,2021,9.41,-0.1631
NST.AX,Northern Star Resources Ltd,AUD,2020,2020-12-31,11.34,17.03,8.85,12.69,13.6693,0.27,0.0213,0.001,12.1857,2022,10.91,-0.1047
NST.AX,Northern Star Resources Ltd,AUD,2021,2021-12-31,12.84,14.08,7.955,9.41,10.3376,0.19,0.0202,0.006,9.1467,2023,13.65,0.4923
NST.AX,Northern Star Resources Ltd,AUD,2022,2022-12-30,9.31,11.59,6.6,10.91,8.9889,0.215,0.0197,0.035,11.2489,2024,15.44,0.3726
NST.AX,Northern Star Resources Ltd,AUD,2023,2023-12-29,10.93,14.44,9.99,13.65,12.1048,0.265,0.0194,0.037,14.1386,2025,26.73,0.8906
NST.AX,Northern Star Resources Ltd,AUD,2024,2024-12-31,13.53,18.32,12.0,15.44,14.7334,0.4,0.0259,0.0385,15.8338,2026,22.11,0.3964
NST.AX,Northern Star Resources Ltd,AUD,2025,2025-12-31,15.4,27.985,15.3,26.73,20.4275,0.55,0.0206,0.039,27.7333,2027,,
NST.AX,Northern Star Resources Ltd,AUD,2026,2026-09-25,24.56,31.96,17.07,22.11,22.9722,0.55,0.0249,0.039,22.7435,2028,,
RIO.L,Rio Tinto plc,GBp,2017,2017-12-29,3168.5,4226.5601,2882.5,3942.0,3411.8813,183.69,0.0466,0.0045,3623.6864,2019,4503.0,0.2427
RIO.L,Rio Tinto plc,GBp,2018,2018-12-31,3943.5,4541.0,3460.5,3730.0,3895.4986,226.25,0.0607,0.0075,3353.8018,2020,5470.0,0.631
RIO.L,Rio Tinto plc,GBp,2019,2019-12-31,3651.0,5039.0,3587.0,4503.0,4342.7005,492.65,0.1094,0.0055,3658.0644,2021,4892.0,0.3373
RIO.L,Rio Tinto plc,GBp,2020,2020-12-31,4519.0,5771.0,2954.0,5470.0,4451.9528,297.21,0.0543,-0.0015,4892.0406,2022,5798.0,0.1852
RIO.L,Rio Tinto plc,GBp,2021,2021-12-31,5583.0,6876.2598,4354.0,4892.0,5555.4545,691.75,0.1414,0.007,3738.9041,2023,5842.0,0.5625
RIO.L,Rio Tinto plc,GBp,2022,2022-12-30,4921.0,6343.0,4424.5,5798.0,5306.756,573.95,0.099,0.036,5111.6946,2024,4723.0,-0.076
RIO.L,Rio Tinto plc,GBp,2023,2023-12-29,5818.0,6406.0,4509.5,5842.0,5342.7092,323.02,0.0553,0.04,5666.0249,2025,5994.0,0.0579
RIO.L,Rio Tinto plc,GBp,2024,2024-12-31,5877.0,5899.0,4509.0,4723.0,5135.3917,337.99,0.0716,0.044,4469.69,2026,7088.0,0.5858
RIO.L,Rio Tinto plc,GBp,2025,2025-12-31,4769.0,6047.0,4024.5,5994.0,4816.0417,284.5675,0.0475,0.0375,5875.6,2027,,
RIO.L,Rio Tinto plc,GBp,2026,2026-09-25,5995.0,9117.0,5629.0,7088.0,7167.1347,348.4323,0.0492,0.0375,6924.6472,2028,,
SCCO,Southern Copper Corp,USD,2017,2017-12-29,32.28,47.93,32.1,47.45,38.4764,0.59,0.0124,0.0189,48.0676,2019,42.48,-0.1162
SCCO,Southern Copper Corp,USD,2018,2018-12-31,47.94,58.09,29.4,30.77,45.891,1.4,0.0455,0.0249,29.5281,2020,65.12,1.2054
SCCO,Southern Copper Corp,USD,2019,2019-12-31,30.11,43.38,29.01,42.48,35.956,2.044,0.0481,0.0158,39.8212,2021,61.71,0.5497
SCCO,Southern Copper Corp,USD,2020,2020-12-31,42.96,65.9,23.43,65.12,42.748,1.5,0.023,0.0013,62.35,2022,60.39,-0.0314
SCCO,Southern Copper Corp,USD,2021,2021-12-31,67.38,83.29,54.92,61.71,66.059,3.2,0.0519,0.0073,56.4489,2023,86.07,0.5247
SCCO,Southern Copper Corp,USD,2022,2022-12-30,61.52,79.32,42.42,60.39,58.4327,3.5,0.058,0.0443,58.7629,2024,91.13,0.5679
SCCO,Southern Copper Corp,USD,2023,2023-12-29,60.96,88.4,60.87,86.07,75.2083,4.0,0.0465,0.0425,85.3887,2025,143.47,0.745
SCCO,Southern Copper Corp,USD,2024,2024-12-31,85.28,129.79,77.14,91.13,102.8628,2.093,0.0228,0.0424,94.7671,2026,203.92,1.2774
SCCO,Southern Copper Corp,USD,2025,2025-12-31,92.12,152.19,74.84,143.47,105.9675,3.072,0.0212,0.0348,147.4395,2027,,
SCCO,Southern Copper Corp,USD,2026,2026-09-25,146.66,223.89,144.8,203.92,186.5898,3.069,0.0149,0.0348,212.2051,2028,,
VALE3.SA,Vale SA,BRL,2017,2017-12-29,25.28,40.26,25.0,40.26,31.297,1.3255,0.0329,0.075,43.7947,2019,53.3,0.217
VALE3.SA,Vale SA,BRL,2018,2018-12-28,40.44,62.42,39.93,51.0,49.9308,1.9689,0.0386,0.072,54.5226,2020,87.45,0.6039
VALE3.SA,Vale SA,BRL,2019,2019-12-30,50.01,56.2,40.51,53.3,49.1931,1.4144,0.0265,0.053,56.1971,2021,77.96,0.3873
VALE3.SA,Vale SA,BRL,2020,2020-12-30,53.98,88.58,32.45,87.45,57.2251,2.4075,0.0275,0.043,90.198,2022,88.88,-0.0146
VALE3.SA,Vale SA,BRL,2021,2021-12-30,89.35,120.45,61.85,77.96,95.587,14.6486,0.1879,0.113,67.1144,2023,77.2,0.1503
VALE3.SA,Vale SA,BRL,2022,2022-12-29,79.0,107.11,61.9,88.88,80.3841,7.5833,0.0853,0.134,97.9684,2024,54.55,-0.4432
VALE3.SA,Vale SA,BRL,2023,2023-12-28,88.68,98.29,61.0,77.2,73.9925,6.0778,0.0787,0.103,81.0401,2025,71.96,-0.112
VALE3.SA,Vale SA,BRL,2024,2024-12-30,77.6,78.18,53.33,54.55,62.0773,5.3529,0.0981,0.154,60.9993,2026,70.77,0.1602
VALE3.SA,Vale SA,BRL,2025,2025-12-30,54.71,73.74,48.77,71.96,57.2672,7.619,0.1059,0.139,76.8883,2027,,
VALE3.SA,Vale SA,BRL,2026,2026-09-25,72.33,91.62,69.94,70.77,79.8582,2.0307,0.0287,0.139,88.2387,2028,,
