ticker,yahoo_rows,stooq_rows,nasdaq_rows
AUMB.V,2051,0,0
AGI.TO,2463,0,0
AAUC.TO,765,0,0
AU,2467,0,2467
AR.TO,0,0,0
SBM.AX,2484,0,0
BTO.TO,2463,0,0
ODV.V,0,0,0
TSK.TO,2193,0,0
CXB.TO,0,0,0
CYL.AX,2484,0,0
CG.TO,2463,0,0
CERT.V,1669,0,0
ELD.TO,2463,0,0
EQX.TO,2463,0,0
FVI.TO,2463,0,0
GMD.AX,2484,0,0
GFI,2467,0,2467
GOR.AX,0,0,0
GSS,0,0,0
HMY,2467,0,2467
HUM.L,0,0,0
IMG.TO,2463,0,0
KNT.TO,2463,0,0
K.TO,2463,0,0
600988.SS,2384,0,0
MND.TO,0,0,0
MUX,2467,0,2467
ASE.CN,0,0,0
MSA.TO,1217,0,0
LYC.AX,2484,0,0
AMRQ.V,0,0,0
NFG.V,6,0,0
OGC.TO,2463,0,0
OBM.AX,2484,0,0
OLA.TO,1,0,0
PNR.AX,2484,0,0
IAU.TO,1370,0,0
PSAB.JK,2417,0,0
PGM.V,0,0,0
RMS.AX,2484,0,0
RRL.AX,2484,0,0
RSG.L,1837,0,0
SPA.V,2463,0,0
SSRM,2467,0,2467
STLR.TO,2463,0,0
VAU.AX,2484,0,0
WDO.TO,2463,0,0
WAF.AX,2484,0,0
WGX.AX,2481,0,0
WMC.AX,0,0,0
AUMBF,2048,0,0
AGI,2467,0,2467
ANG.JO,2461,0,0
BTG,2467,0,2467
BGM.V,0,0,0
OR.TO,2463,0,0
ODV,0,0,0
TSK.CN,0,0,0
TSKFF,2467,0,0
CXBMF,0,0,0
CGAU,2467,0,2467
CRDOF,1385,0,0
EGO,2467,0,2467
EQX,1944,0,2047
FSM,2467,0,2467
ASA.L,0,0,0
GFI.JO,2461,0,0
GSC.TO,0,0,0
HAR.JO,2461,0,0
IAG,2467,0,2467
KNTNF,2467,0,0
KGC,2467,0,2467
6693.HK,383,0,0
ALK.AX,2484,0,0
MNDJF,0,0,0
MUX.TO,2463,0,0
ASGOF,2467,0,0
AMRQ.L,1554,0,0
NFGC,1516,0,1515
ORLA,1,0,0
IAUX,1364,0,1364
PG.TO,190,0,0
LRTNF,0,0,0
RSG.AX,2484,0,0
SSRM.TO,2463,0,0
ME.TO,0,0,0
RED.AX,0,0,0
EDV.TO,2463,0,0
EDV.L,2187,0,0
TGZ.TO,0,0,0
