ticker,current,mean,median,low,high
AUMB.V,0.83,2.18333,2.05,2.0,2.5
AGI.TO,48.83,68.01073,65.58336,53.91668,81.6724
AAUC.TO,31.55,44.969444,44.05966,37.307354,56.584515
AU,99.03,116.875,118.5,76.0,140.0
SBM.AX,0.82,1.0,1.0,1.0,1.0
BTO.TO,7.73,9.633056,10.149037,5.836227,11.180207
OGG.V,3.98,8.34167,8.5,6.5,10.0
TSK.TO,1.21,4.625,4.625,4.25,5.0
CYL.AX,5.89,10.73833,10.865,9.1,12.8
CG.TO,31.89,32.27889,31.570892,24.958492,45.40403
CERT.V,2.42,3.880577,3.99234,3.5834858,4.0659056
ELD.TO,59.34,71.143906,71.7447,63.35824,77.690765
EQX.TO,16.87,24.915388,24.339888,20.292315,31.269197
FVI.TO,16.56,19.335035,19.161114,18.656317,20.18768
GMD.AX,7.65,8.68779,8.8,6.7,10.6
GFI,40.38,50.0875,50.0,40.5,57.0
BGL.AX,1.595,1.8625,1.85,1.7,2.1
600988.SS,40.28,50.28667,51.12,46.0,53.74
HMY,18.97,21.51947,22.0,19.05842,23.5
IMG.TO,27.85,33.895405,34.757534,30.253944,36.52221
KNT.TO,29.45,34.8,33.5,30.0,45.0
K.TO,35.46,51.6179,48.74129,44.475956,65.70717
ALK.AX,1.895,2.13333,2.075,1.5,3.0
MUX,19.02,31.2,31.0,28.0,37.0
ASE.V,0.86,,,,
MSA.TO,9.95,11.096748,11.096748,9.577993,12.615504
LYC.AX,14.22,17.925,19.55,9.5,22.5
AMRQ.L,119.5,168.9616,160.92975,140.33665,205.61891
NFGC.TO,2.49,4.875,5.0,4.5,5.0
OGC.TO,39.88,59.600792,56.207397,44.999588,73.64444
OBM.AX,1.545,1.82,1.85,1.5,2.2
OLA.TO,13.46,23.604567,20.018003,18.112806,36.26946
PNR.AX,2.94,3.70833,3.85,2.25,4.45
IAU.TO,2.48,4.2335396,4.1894526,2.8514304,5.6080956
PSAB.JK,535.0,,,,
RMS.AX,3.87,5.077,5.175,4.0,6.15
RRL.AX,7.72,8.10406,8.0,6.0,9.39057
RSG.AX,1.22,1.79,1.9,1.35,2.2
2259.HK,143.1,180.09079,183.52824,139.2551,206.01973
SPA.V,0.345,1.25,1.25,1.2,1.3
SSRM,35.68,42.2,41.0,39.0,48.0
STLR.TO,1.66,4.51667,4.55,4.0,5.0
VAU.AX,6.35,6.75,6.325,5.65,8.6
WDO.TO,36.61,35.375,34.0,30.0,43.0
WAF.AX,3.52,4.725,4.575,4.0,5.75
WGX.AX,5.46,7.186013,6.9178896,6.0757737,9.003943
AUMBF,0.588,,,,
AGI,34.5,46.25,43.5,38.0,60.0
ANG.JO,159839.0,179000.88,183003.5,125500.0,250000.0
BTG,5.48,6.45,7.0,4.0,7.5
OGG,2.77,7.0,7.0,7.0,7.0
OR.TO,50.63,63.837505,65.05193,48.718933,85.67788
TSKFF,0.85867,,,,
CGAU,22.56,17.5,17.5,17.5,17.5
CRDOF,1.73,,,,
EGO,41.92,46.5,48.5,33.0,54.0
EQX,11.94,14.0,14.0,14.0,14.0
FSM,11.69,14.5,14.5,14.5,14.5
GFI.JO,65752.0,73477.195,67000.0,58594.8,93200.0
6693.HK,35.66,49.05858,49.05858,49.05858,49.05858
HAR.JO,30564.0,34642.855,35000.0,31000.0,39500.0
IAG,19.7,24.33333,23.0,21.0,34.0
KNTNF,20.82,,,,
KGC,25.05,34.33,35.0,9.3,50.0
ALK.TO,1.88,2.248144,2.248144,2.248144,2.248144
MUX.TO,26.79,48.663498,48.663498,46.41403,50.912968
ASGOF,0.6201,,,,
AMRQ.IC,194.0,,,,
NFGC,1.75,5.0,5.0,5.0,5.0
OGC,28.13,,,,
IAUX,1.74,,,,
PG.TO,,,,,
RSG.L,65.0,95.0,100.0,70.0,110.0
2899.HK,32.5,51.229588,50.263496,43.482643,61.21789
SSRM.TO,50.53,59.15737,59.46955,52.45666,68.59707
WMX.AX,1.61,,,,
