ticker,source,year,date,close
AU,nasdaq,2016,2016-12-30,10.51
AU,nasdaq,2017,2017-12-29,10.19
AU,nasdaq,2018,2018-12-31,12.55
AU,nasdaq,2019,2019-12-31,22.34
AU,nasdaq,2020,2020-12-31,22.62
AU,nasdaq,2021,2021-12-31,20.98
AU,nasdaq,2022,2022-12-30,19.42
AU,nasdaq,2023,2023-12-29,18.69
AU,nasdaq,2024,2024-12-31,23.08
AU,nasdaq,2025,2025-12-31,85.28
AU,nasdaq,2026,2026-09-25,99.03
GFI,nasdaq,2016,2016-12-30,3.01
GFI,nasdaq,2017,2017-12-29,4.3
GFI,nasdaq,2018,2018-12-31,3.52
GFI,nasdaq,2019,2019-12-31,6.6
GFI,nasdaq,2020,2020-12-31,9.27
GFI,nasdaq,2021,2021-12-31,10.99
GFI,nasdaq,2022,2022-12-30,10.35
GFI,nasdaq,2023,2023-12-29,14.46
GFI,nasdaq,2024,2024-12-31,13.2
GFI,nasdaq,2025,2025-12-31,43.66
GFI,nasdaq,2026,2026-09-25,40.38
HMY,nasdaq,2016,2016-12-30,2.21
HMY,nasdaq,2017,2017-12-29,1.87
HMY,nasdaq,2018,2018-12-31,1.79
HMY,nasdaq,2019,2019-12-31,3.63
HMY,nasdaq,2020,2020-12-31,4.68
HMY,nasdaq,2021,2021-12-31,4.11
HMY,nasdaq,2022,2022-12-30,3.4
HMY,nasdaq,2023,2023-12-29,6.15
HMY,nasdaq,2024,2024-12-31,8.21
HMY,nasdaq,2025,2025-12-31,19.9
HMY,nasdaq,2026,2026-09-25,18.97
MUX,nasdaq,2016,2016-12-30,29.1
MUX,nasdaq,2017,2017-12-29,22.8
MUX,nasdaq,2018,2018-12-31,18.2
MUX,nasdaq,2019,2019-12-31,12.7
MUX,nasdaq,2020,2020-12-31,9.85
MUX,nasdaq,2021,2021-12-31,9.2
MUX,nasdaq,2022,2022-12-30,5.86
MUX,nasdaq,2023,2023-12-29,7.21
MUX,nasdaq,2024,2024-12-31,7.78
MUX,nasdaq,2025,2025-12-31,18.51
MUX,nasdaq,2026,2026-09-25,19.02
SSRM,nasdaq,2016,2016-12-30,8.92
SSRM,nasdaq,2017,2017-12-29,8.79
SSRM,nasdaq,2018,2018-12-31,12.09
SSRM,nasdaq,2019,2019-12-31,19.26
SSRM,nasdaq,2020,2020-12-31,20.11
SSRM,nasdaq,2021,2021-12-31,17.7
SSRM,nasdaq,2022,2022-12-30,15.67
SSRM,nasdaq,2023,2023-12-29,10.76
SSRM,nasdaq,2024,2024-12-31,6.96
SSRM,nasdaq,2025,2025-12-31,21.92
SSRM,nasdaq,2026,2026-09-25,35.68
