ticker,sec_ticker,sec_cik,sec_years,yahoo_years
AUMB.V,,,0,4
AGI.TO,AGI,,0,4
AAUC.TO,AAUC,,0,4
AU,AU,,0,4
AR.TO,,,0,0
SBM.AX,,,0,3
BTO.TO,BTG,,0,4
OGG.V,OGG,,0,4
TSK.TO,,,0,4
CXB.TO,,,0,0
CYL.AX,,,0,3
CG.TO,CGAU,,0,4
CERT.V,,,0,4
ELD.TO,EGO,,0,4
EQX.TO,EQX,,0,4
FVI.TO,FSM,,0,4
GMD.AX,,,0,4
GFI,GFI,,0,4
GOR.AX,,,0,0
BGL.AX,,,0,3
600988.SS,,,0,4
HMY,HMY,,0,3
HUM.L,,,0,0
IMG.TO,IAG,,0,4
KNT.TO,,,0,4
K.TO,KGC,,0,4
ALK.AX,,,0,3
MUX,MUX,,0,4
ASE.V,,,0,4
MSA.TO,,,0,4
LYC.AX,,,0,4
AMRQ.L,,,0,4
NFGC.TO,NFGC,,0,4
OGC.TO,OGC,,0,4
OBM.AX,,,0,4
OLA.TO,,,0,4
PNR.AX,,,0,4
IAU.TO,IAUX,,0,4
PSAB.JK,,,0,4
PGM.V,,,0,0
RMS.AX,,,0,3
RRL.AX,,,0,4
RSG.AX,,,0,4
2259.HK,,,0,4
SPA.V,,,0,4
SSRM,SSRM,,0,4
STLR.TO,,,0,4
VAU.AX,,,0,4
WDO.TO,,,0,4
WAF.AX,,,0,4
WGX.AX,,,0,3
WMC.AX,,,0,0
